Workbook

Sheet Dashboard
B2: IT SUPPORT — DASHBOARD PENANGANAN KELUHAN CLIENT
B3: Ringkasan otomatis dari data pada sheet 'Log Keluhan'
B5: RINGKASAN TIKET
B6: Total Tiket | C6: Open | D6: In Progress | E6: Selesai (Closed) | F6: Prioritas Tinggi
B7: =COUNTIF('Log Keluhan'!C6:C1000,"?*") -> 1 | C7: =COUNTIF('Log Keluhan'!H6:H1000,"Open") -> 0 | D7: =COUNTIF('Log Keluhan'!H6:H1000,"In Progress") -> 0 | E7: =COUNTIF('Log Keluhan'!H6:H1000,"Closed") -> 1 | F7: =COUNTIF('Log Keluhan'!G6:G1000,"Tinggi") -> 1
B10: JUMLAH TIKET PER KATEGORI MASALAH
B11: Kategori | C11: Jumlah Tiket
B12: Hardware | C12: =COUNTIF('Log Keluhan'!F6:F1000,B12) -> 0
B13: Software | C13: =COUNTIF('Log Keluhan'!F6:F1000,B13) -> 0
B14: Jaringan/Network | C14: =COUNTIF('Log Keluhan'!F6:F1000,B14) -> 0
B15: Akun/Akses (Login) | C15: =COUNTIF('Log Keluhan'!F6:F1000,B15) -> 0
B16: Printer/Peripheral | C16: =COUNTIF('Log Keluhan'!F6:F1000,B16) -> 0
B17: Lainnya | C17: =COUNTIF('Log Keluhan'!F6:F1000,B17) -> 0
B19: Catatan:
B20: 1. Dashboard ini terhubung otomatis (formula) ke sheet 'Log Keluhan'.
B21: 2. Cukup isi data tiket baru di sheet 'Log Keluhan', angka di atas akan ter-update sendiri.
B22: 3. Gunakan sheet 'Legenda & Panduan' untuk melihat daftar nilai baku (Status, Prioritas, Kategori).

Sheet Log Keluhan
A1: LOG PENANGANAN KELUHAN CLIENT — IT SUPPORT
A2: Diisi oleh staf IT Support setiap ada tiket/keluhan baru dari client. Sel berwarna kuning wajib diisi manual.
A3: Periode: _____________ Disusun oleh: Farid — IT Support
A5: No | B5: Tanggal Lapor | C5: Nama Client | D5: Departemen / Unit | E5: Kategori Masalah | F5: Deskripsi Keluhan | G5: Prioritas | H5: Status | I5: PIC (Ditugaskan) | J5: Tanggal Selesai | K5: Durasi (Hari) | L5: Solusi / Tindakan yang Dilakukan | M5: Catatan
A6: 1 | B6: 46251 | C6: PT. Sumber Makmur | D6: Divisi Keuangan | E6: Jaringan/Network | F6: Koneksi internet di ruang Finance putus-nyambung sejak pagi. | G6: Tinggi | H6: Closed | I6: Farid | J6: 46251 | K6: =IF(AND(B6<>"",J6<>""),J6-B6,"") -> 0 | L6: Mengganti kabel LAN yang rusak dan restart switch lantai 2. | M6: Client sudah dikonfirmasi & puas dengan penanganan.
A7: =IF(C7="","",ROW()-5) | B7: 46254 | C7: PT. Unit Test Automation | D7: QA Engineering | E7: Software | F7: Automated test ticket for integrity verification | G7: Tinggi | H7: Open | I7: Automated QA | K7: =IF(AND(B7<>"",J7<>""),J7-B7,"") | M7: Temporary test ticket
A8: =IF(C8="","",ROW()-5) | K8: =IF(AND(B8<>"",J8<>""),J8-B8,"")
A9: =IF(C9="","",ROW()-5) | K9: =IF(AND(B9<>"",J9<>""),J9-B9,"")
A10: =IF(C10="","",ROW()-5) | K10: =IF(AND(B10<>"",J10<>""),J10-B10,"")
A11: =IF(C11="","",ROW()-5) | K11: =IF(AND(B11<>"",J11<>""),J11-B11,"")
A12: =IF(C12="","",ROW()-5) | K12: =IF(AND(B12<>"",J12<>""),J12-B12,"")
A13: =IF(C13="","",ROW()-5) | K13: =IF(AND(B13<>"",J13<>""),J13-B13,"")
A14: =IF(C14="","",ROW()-5) | K14: =IF(AND(B14<>"",J14<>""),J14-B14,"")
A15: =IF(C15="","",ROW()-5) | K15: =IF(AND(B15<>"",J15<>""),J15-B15,"")
A16: =IF(C16="","",ROW()-5) | K16: =IF(AND(B16<>"",J16<>""),J16-B16,"")
A17: =IF(C17="","",ROW()-5) | K17: =IF(AND(B17<>"",J17<>""),J17-B17,"")
A18: =IF(C18="","",ROW()-5) | K18: =IF(AND(B18<>"",J18<>""),J18-B18,"")
A19: =IF(C19="","",ROW()-5) | K19: =IF(AND(B19<>"",J19<>""),J19-B19,"")
... A30: =IF(C30="","",ROW()-5) | K30: =IF(AND(B30<>"",J30<>""),J30-B30,"")

Sheet Legenda & Panduan
B2: LEGENDA & PANDUAN PENGISIAN
B4: Warna Sel
B5: Kuning muda | C5: Sel yang WAJIB diisi manual oleh staf IT Support.
B6: Hijau muda | C6: Sel otomatis (formula) — jangan diisi/diubah manual, contoh: kolom No & Durasi.
B8: Kategori Masalah
B9: Hardware | C9: Kerusakan perangkat fisik: komputer, laptop, monitor, dll.
B10: Software | C10: Masalah aplikasi, sistem operasi, error program.
B11: Jaringan/Network | C11: Koneksi internet, LAN/WiFi, VPN, server down.
B12: Akun/Akses (Login) | C12: Lupa password, akun terkunci, permintaan akses baru.
B13: Printer/Peripheral | C13: Printer, scanner, dan perangkat pendukung lain.
B14: Lainnya | C14: Kategori di luar daftar di atas.
B16: Prioritas
B17: Tinggi | C17: Mengganggu operasional secara signifikan, harus segera ditangani (< 1 hari).
B18: Sedang | C18: Mengganggu namun ada solusi sementara, target 1-3 hari.
B19: Rendah | C19: Tidak mendesak, dapat dijadwalkan, target > 3 hari.
B21: Status
B22: Open | C22: Tiket baru masuk, belum ditindaklanjuti.
B23: In Progress | C23: Sedang dalam proses penanganan.
B24: Menunggu Client | C24: Menunggu respon/konfirmasi dari client.
B25: Closed | C25: Selesai ditangani dan sudah dikonfirmasi client.
